i	x	y	z	x+dif	y+dif	z+dif	xdif	ydif	zdif
0	1941.3	0.0	0.0	1887.30886003	-57.5904857479	69.0359747797	-53.9911399679597	-57.590485747949586	69.03597477974625
1	1941.12606592	33.8824815145	0.0	2009.93508952	-36.1678139885	-16.4579507967	68.80902359592335	-70.05029550302528	-16.457950796709525
2	1940.60418575	67.7673914454	0.0	2001.80124349	42.2275375855	84.259019132	61.19705773406449	-25.53985385996782	84.25901913202208
3	1939.73412567	101.657157926	0.0	1945.05788975	13.6909624247	-29.5038435702	5.323764084387264	-87.96619550105554	-29.503843570172933
4	1938.51549572	135.554208519	0.0	1988.11102468	204.590477808	-64.708035925	49.59552895795423	69.03626928893803	-64.7080359250199
5	1936.94774957	169.460969929	0.0	1882.49513954	123.978055295	65.0198663997	-54.45261002502841	-45.48291463384879	65.01986639968362
6	1935.03018399	203.379867704	0.0	2002.97850656	139.773452215	46.7932267033	67.94832257209512	-63.60641548904673	46.7932267033282
7	1932.76193835	237.31332593	0.0	1880.45212992	282.275959307	17.7336455801	-52.30980842248667	44.962633376829615	17.733645580128325
8	1930.14199387	271.263766913	0.0	2020.47799189	324.839466159	87.8387531994	90.33599801380106	53.57569924584834	87.83875319938807
9	1927.16917285	305.233610853	0.0	1944.85008773	224.6414898	84.8904302352	17.68091488291175	-80.59212105255625	84.89043023517843
10	1923.84213765	339.225275492	0.0	1875.83755838	269.681730396	26.977898155	-48.0045792701048	-69.54354509619456	26.97789815504467
11	1920.15938967	373.241175758	0.0	1913.42178093	404.036663821	-38.561990895	-6.737608736596428	30.795488063167994	-38.56199089503034
12	1916.11926807	407.283723371	0.0	1938.94724712	419.831608533	-60.5013103372	22.827979051469953	12.547885161960991	-60.50131033716421
13	1911.71994847	441.355326443	0.0	1947.52913078	381.477264871	64.2236223286	35.80918230217529	-59.87806157145283	64.22362232862884
14	1906.95944146	475.458389041	0.0	1819.49099425	457.985137096	-57.3599470043	-87.46844720817668	-17.473251944721383	-57.359947004271426
15	1901.83559093	509.595310727	0.0	1849.4678971	595.007016684	-16.1480491014	-52.36769383252196	85.41170595672412	-16.148049101439724
16	1896.3460724	543.768486063	0.0	1891.82602854	623.150631766	-53.701402625	-4.520043866607338	79.38214570291098	-53.70140262495653
17	1890.48839106	577.980304087	0.0	1837.44760504	580.794185637	92.5969188737	-53.04078601111784	2.813881549621854	92.59691887368476
18	1884.25987973	612.233147747	0.0	1873.91722559	565.023563038	10.3880330334	-10.342654147090187	-47.20958470912953	10.388033033428343
19	1877.65769675	646.529393297	0.0	1889.63602299	626.356691412	18.3730782845	11.978326237268533	-20.17270188581277	18.373078284523032
20	1870.67882358	680.871409655	0.0	1888.15207319	597.324569959	68.1400913636	17.473249611211997	-83.54683969622694	68.1400913636133
21	1863.32006236	715.261557702	0.0	1908.42132242	679.139967779	-63.7176391117	45.101260052873755	-36.12158992243546	-63.71763911165964
22	1855.57803331	749.702189543	0.0	1853.95295658	754.738202139	-23.1980315973	-1.6250767356615654	5.03601259610096	-23.198031597250576
23	1847.44917193	784.19564771	0.0	1780.91592206	753.588541469	-19.4493103485	-66.53324986770357	-30.60710624132274	-19.449310348549204
24	1838.92972605	818.744264306	0.0	1759.30880762	723.762456883	-70.7783317522	-79.62091843292826	-94.98180742282443	-70.77833175217236
25	1830.01575283	853.350360087	0.0	1781.34929465	896.213947896	38.7066886547	-48.66645817586828	42.86358780937468	38.70668865473121
26	1820.7031154	888.016243483	0.0	1730.11181868	801.925237716	86.6401970765	-90.59129671822599	-86.09100576715704	86.6401970764895
27	1810.98747954	922.744209543	0.0	1827.98378825	973.071455731	-22.3690011283	16.99630870384337	50.327246187851614	-22.36900112828583
28	1800.86431008	957.53653881	0.0	1704.90126905	967.80965582	-67.1147759925	-95.96304102169819	10.273117010014403	-67.1147759925407
29	1790.3288671	992.395496111	0.0	1777.32682134	894.761840392	-38.310073656	-13.002045762599337	-97.63365571865748	-38.310073655980226
30	1779.37620209	1027.32332927	0.0	1878.20979683	1097.87668673	-11.3320192389	98.83359473776079	70.55335746201968	-11.33201923893688
31	1768.0011538	1062.32226771	0.0	1717.2271365	1093.31235888	56.3908214897	-50.77401729763824	30.990091164774043	56.390821489654314
32	1756.19834397	1097.39452102	0.0	1662.55587266	1002.16743863	-41.380966198	-93.64247130536276	-95.22708239007676	-41.38096619798357
33	1743.96217285	1132.5422773	0.0	1826.41688843	1212.11763503	-74.358300774	82.45471557481386	79.57535772660833	-74.35830077400163
34	1731.2868146	1167.76770155	0.0	1646.37352279	1247.95345899	98.1539081327	-84.9132918115115	80.18575744302845	98.15390813267376
35	1718.16621238	1203.0729338	0.0	1683.53350107	1301.70435735	64.2086854492	-34.63271130856633	98.63142354383388	64.20868544924883
36	1704.59407332	1238.46008726	0.0	1692.46453184	1275.96318528	-71.5137005651	-12.129541486708234	37.50309802528622	-71.5137005651173
37	1690.56386333	1273.93124617	0.0	1646.74929322	1298.94565043	-69.2418287972	-43.814570111819705	25.014404259638894	-69.24182879719723
38	1676.06880157	1309.4884637	0.0	1775.46012601	1272.23390144	-4.01578139916	99.39132444295288	-37.254562257430464	-4.015781399161341
39	1661.10185483	1345.13375955	0.0	1678.538579	1418.15497223	41.7531153566	17.436724169404442	73.02121267885278	41.753115356560556
40	1645.65573166	1380.86911748	0.0	1695.70179071	1292.08834468	-27.6291779552	50.046059055147225	-88.78077279896969	-27.629177955201925
41	1629.72287627	1416.69648266	0.0	1673.36366109	1410.75687132	62.5036932194	43.64078481886631	-5.93961133842771	62.503693219443306
42	1613.2954622	1452.61775881	0.0	1632.76627774	1526.09728331	43.6959521358	19.47081554488068	73.47952449874586	43.6959521358489
43	1596.36538579	1488.63480524	0.0	1556.92406321	1543.66227372	49.2348211883	-39.44132258815729	55.02746848103007	49.23482118830046
44	1578.92425941	1524.74943359	0.0	1668.42403845	1455.23978879	-91.6377986924	89.49977903340053	-69.50964479913257	-91.63779869239544
45	1560.96340442	1560.96340442	0.0	1614.71062911	1539.27217061	-26.1388858597	53.74722468981591	-21.69123381187947	-26.138885859719352
46	1542.47384394	1597.27842363	0.0	1479.55464348	1528.54945156	-53.7135187389	-62.91920046066826	-68.72897206558653	-53.71351873891752
47	1523.44629532	1633.69613851	0.0	1516.11248645	1730.9938227	-46.8910950192	-7.333808872192662	97.29768419545397	-46.89109501916906
48	1503.87116244	1670.2181337	0.0	1600.87810427	1722.48311918	6.75903419543	97.00694182752062	52.26498548150599	6.7590341954346655
49	1483.73852765	1706.84592679	0.0	1522.68680153	1769.06547435	65.9226422803	38.948273874722986	62.2195475635142	65.92264228029933
50	1463.03814354	1743.58096367	0.0	1491.8741018	1685.09752852	-96.066784006	28.835958254446467	-58.483435153124994	-96.0667840059733
51	1441.75942441	1780.42461361	0.0	1401.9237584	1753.19401232	-15.9685971871	-39.835666005594184	-27.23060128691941	-15.968597187139721
52	1419.89143745	1817.37816399	0.0	1418.4097494	1911.55859731	-11.8630705626	-1.4816880502971799	94.1804333216005	-11.863070562553247
53	1397.42289375	1854.44281476	0.0	1487.85984755	1942.8793125	-65.2418397583	90.43695380254533	88.43649773397263	-65.24183975830937
54	1374.34213888	1891.6196725	0.0	1467.16473656	1941.8943068	-36.5065611908	92.82259767850658	50.274634302610224	-36.50656119083593
55	1350.63714336	1928.90974413	0.0	1287.03836979	1831.8573575	89.8821282722	-63.5987735692638	-97.05238662966127	89.88212827224865
56	1326.29549275	1966.31393026	0.0	1394.34738593	2045.00246014	-2.66534313212	68.05189318378183	78.68852987480878	-2.6653431321206114
57	1301.30437746	2003.83301812	0.0	1222.3522649	2009.31973255	48.8960128195	-78.95211256516066	5.48671443832518	48.89601281945016
58	1275.65058239	2041.46767399	0.0	1230.92788682	2066.74394811	-59.7667913475	-44.722695571500616	25.276274127023484	-59.76679134754146
59	1249.32047612	2079.21843529	0.0	1343.26313678	2032.15631524	-46.8272089438	93.94266066082656	-47.06212005273209	-46.82720894381649
60	1222.3	2117.08570209	0.0	1251.7333277	2026.36806653	47.6557128471	29.43332770172566	-90.71763555851726	47.655712847065416
61	1194.57465682	2155.06972814	0.0	1186.21620004	2060.45442133	74.5942498853	-8.35845678138331	-94.61530681068808	74.59424988527493
62	1166.12949931	2193.17061137	0.0	1142.66671286	2246.9113253	-42.9670194777	-23.4627864485295	53.74071393229909	-42.967019477686954
63	1136.94911828	2231.38828375	0.0	1169.78025677	2313.17134261	14.0024896797	32.83113849065052	81.78305885342272	14.002489679732292
64	1107.01763058	2269.72250068	0.0	1121.89219957	2303.56357668	-95.9001876857	14.874568992462471	33.841076000882936	-95.90018768569281
65	1076.31866676	2308.17282954	0.0	1058.64659705	2305.03457188	22.6881534363	-17.672069715447776	-3.1382576623743716	22.68815343627621
66	1044.83535846	2346.73863777	0.0	1138.64282428	2262.38437832	-92.7436855654	93.80746581852145	-84.3542594561107	-92.74368556535086
67	1012.55032559	2385.41908006	0.0	978.787147762	2466.59647972	40.3836323458	-33.76317782996033	81.17739965742922	40.38363234575331
68	979.445663301	2424.21308487	0.0	1058.13551276	2430.12402106	79.4032072589	78.6898494633709	5.910936183700869	79.40320725887975
69	945.502928681	2463.11934014	0.0	947.252923501	2515.28740429	59.1230580527	1.749994820604968	52.16806414320874	59.12305805265356
70	910.703127313	2502.13627812	0.0	852.073888542	2485.80201498	52.0963251642	-58.629238771455675	-16.334263135869648	52.09632516424654
71	875.026699631	2541.26205933	0.0	946.782723389	2523.09511458	62.7448552996	71.75602375733149	-18.1669447462329	62.74485529957326
72	838.453507121	2580.49455555	0.0	843.194514779	2493.55578892	-21.7339363139	4.741007658709535	-86.93876662932436	-21.73393631391349
73	800.962818399	2619.83133187	0.0	790.738413911	2547.73064008	70.4210886304	-10.224404487786856	-72.10069178466128	70.42108863036617
74	762.533295194	2659.26962757	0.0	836.393033303	2728.16705331	18.5019742854	73.85973810923014	68.89742574429118	18.501974285368334
75	723.142978263	2698.80633601	0.0	633.243857574	2642.33876318	-15.1159294122	-89.89912068881422	-56.467572830583165	-15.115929412194077
76	682.769273282	2738.43798328	0.0	734.577676023	2669.10658184	10.1534678617	51.808402740861595	-69.33140144025376	10.15346786174905
77	641.388936758	2778.1607056	0.0	637.302899934	2803.58708046	35.101895164	-4.086036824400921	25.426374856715924	35.101895164021784
78	598.978062009	2817.97022545	0.0	547.003345313	2875.92629309	45.3232048451	-51.974716695865666	57.95606764794894	45.3232048450688
79	555.512065266	2857.86182629	0.0	583.285303936	2911.67595456	0.154013701931	27.77323866905577	53.814128269296276	0.15401370193129083
80	510.965671967	2897.83032588	0.0	447.80565242	2926.22782729	-60.0827009082	-63.16001954652559	28.397501412557602	-60.0827009081631
81	465.312903298	2937.87004799	0.0	545.312397854	2899.88291039	11.0714200879	79.99949455663153	-37.987137602624045	11.071420087862379
82	418.527063077	2977.97479261	0.0	429.062783037	2971.1837126	-10.9834314135	10.535719960543673	-6.791080015755611	-10.983431413516513
83	370.580725051	3018.13780434	0.0	301.236242423	2999.02761556	73.0801504812	-69.34448262786987	-19.110188787795536	73.08015048121703
84	321.445720713	3058.35173912	0.0	262.007694212	3062.98636119	-49.1927516684	-59.43802650143033	4.6346220734589565	-49.19275166836194
85	271.093127742	3098.60862901	0.0	348.328265461	3056.35134523	-6.27398256762	77.23513771882818	-42.25728377779758	-6.27398256761542
86	219.493259176	3138.89984507	0.0	245.570491816	3064.29638052	67.9470394148	26.077232640075266	-74.60346455226431	67.94703941482669
87	166.615653468	3179.21605814	0.0	107.616157485	3093.16954369	18.8181338153	-58.99949598305063	-86.04651445227651	18.818133815268652
88	112.429065551	3219.54719748	0.0	152.679366016	3256.39735664	72.6331127623	40.25030046560903	36.85015916398987	72.63311276227728
89	56.9014590749	3259.88240714	0.0	135.604657553	3173.02755304	14.3414725914	78.70319847794678	-86.85485409253428	14.34147259135949
90	2.02079580651e-13	3300.21	0.0	-19.7695646031	3232.11487029	46.3832751579	-19.769564603061156	-68.09512971308067	46.38327515785238
91	-58.3089482733	3340.51740931	0.0	-22.7096204905	3310.97454442	90.5355074174	35.599327782798014	-29.542864893312498	90.53550741743001
92	-118.059828018	3380.79113765	0.0	-43.8847470281	3414.02482483	7.06125802451	74.17508098948423	33.23368718471232	7.061258024505108
93	-179.287888307	3421.01670323	0.0	-167.822146224	3420.59478038	-78.6944060842	11.465742082363619	-0.4219228562980959	-78.69440608420375
94	-242.029183904	3461.17858339	0.0	-219.824946715	3395.41800095	80.7334489025	22.20423718898492	-65.76058243818159	80.73344890249993
95	-306.320571631	3501.26015515	0.0	-305.502373129	3517.47428919	35.1422122532	0.8181985014944928	16.214134040564105	35.142212253167116
96	-372.199703916	3541.24363281	0.0	-288.924814262	3480.72537875	61.1119983239	83.27488965385294	-60.518254055913914	61.11199832391719
97	-439.705019185	3581.11000236	0.0	-393.96137008	3538.19335394	48.5231033976	45.74364910474827	-42.916648420717294	48.52310339763562
98	-508.87572874	3620.83895273	0.0	-483.490989398	3677.06670186	27.5619390063	25.384739341900314	56.22774912829132	27.56193900626711
99	-579.751799722	3660.40880363	0.0	-516.096475286	3733.14712782	-7.73296563696	63.65532443688224	72.73832418483377	-7.732965636955782
100	-652.373933745	3699.79643004	0.0	-614.743864441	3607.78135827	-25.8257517127	37.630069303314684	-92.01507177256278	-25.82575171270716
101	-726.783540713	3738.97718312	0.0	-727.54719096	3765.90439078	95.9170734121	-0.7636502462227099	26.927207658092513	95.91707341206714
102	-803.022707349	3777.92480759	0.0	-738.440555695	3858.83910811	30.3136158287	64.58215165391937	80.91430051832961	30.313615828657476
103	-881.13415985	3816.6113554	0.0	-973.59329644	3776.70832901	-22.2250818277	-92.45913659066429	-39.90302638612035	-22.22508182771348
104	-961.161220121	3855.00709572	0.0	-951.620662033	3840.1047013	-9.31979275276	9.540558087549613	-14.902394412686235	-9.319792752756612
105	-1043.14775492	3893.08042115	0.0	-1007.65811365	3980.29594514	58.7955031442	35.489641271311285	87.21552398763478	58.795503144173324
106	-1127.13811723	3930.79775024	0.0	-1207.12373285	3852.76141316	26.4315362775	-79.98561561843216	-78.03633708015249	26.43153627754205
107	-1213.17707918	3968.12342613	0.0	-1114.15729289	3940.85785025	98.4110039183	99.01978629465455	-27.26557588305927	98.41100391828655
108	-1301.30975561	4005.01961159	0.0	-1252.24258872	4096.82208896	31.8529466212	49.06716688591092	91.80247737114314	31.852946621170787
109	-1391.58151753	4041.44618038	0.0	-1441.35876316	3970.16170716	-7.01120405951	-49.777245636859924	-71.28447321798295	-7.011204059508543
110	-1484.03789459	4077.360605	0.0	-1470.6285504	4102.50740531	-69.3807346576	13.40934418747932	25.14680030556822	-69.38073465759803
111	-1578.72446548	4112.7178412	0.0	-1542.74644894	4090.95079535	10.8656942876	35.978016541846785	-21.767045841891772	10.865694287625942
112	-1675.68673535	4147.47020911	0.0	-1772.82868401	4152.52386435	-33.4834961336	-97.14194866243655	5.053655244179339	-33.483496133600426
113	-1774.9699991	4181.56727164	0.0	-1737.62510446	4110.10921658	43.3204694014	37.34489463678457	-71.45805506257742	43.32046940144923
114	-1876.61918946	4214.95571015	0.0	-1936.2444923	4302.18743152	-35.4425461145	-59.62530283964591	87.23172137293241	-35.44254611451194
115	-1980.67870861	4247.57919792	0.0	-2032.50003499	4197.22118901	12.7261917433	-51.82132637864056	-50.35800890918836	12.726191743283465
116	-2087.19224204	4279.37827198	0.0	-2045.34924778	4193.16868843	-3.8519179859	41.84299426801604	-86.20958354981398	-3.8519179858970602
117	-2196.2025535	4310.29020372	0.0	-2262.87340919	4330.81852559	46.6449866862	-66.67085569209345	20.528321876246665	46.64498668622946
118	-2307.75125942	4340.24886902	0.0	-2285.47361682	4302.6418946	91.497032991	22.27764260224427	-37.606974424813046	91.49703299101716
119	-2421.87858165	4369.18461877	0.0	-2422.30393024	4449.7484369	79.5233349154	-0.4253485927720959	80.56381812991879	79.52333491542839
120	-2538.62307692	4397.0241505	0.0	-2609.42838305	4362.92964378	86.5367321957	-70.80530612932709	-34.09450671878871	86.53673219567696
121	-2658.02134159	4423.69038245	0.0	-2685.80945371	4400.64581716	-73.2534598906	-27.7881121190988	-23.044565290784007	-73.25345989058076
122	-2780.10769019	4449.10233106	0.0	-2829.00037513	4354.10838022	50.4351595078	-48.892684945691215	-94.99395083668047	50.43515950784794
123	-2904.91380635	4473.1749933	0.0	-2930.5417186	4561.89994869	-95.5080050971	-25.62791224382144	88.72495538198604	-95.50800509709102
124	-3032.4683646	4495.81923561	0.0	-3058.73729952	4593.61157587	-16.8183081163	-26.268934913936164	97.79234026359322	-16.81830811630809
125	-3162.79662159	4516.94169086	0.0	-3237.75931692	4591.63866911	72.8107929091	-74.96269532664425	74.69697825167344	72.81079290910108
126	-3295.9199755	4536.4446656	0.0	-3225.3646173	4560.62199514	-40.1437429282	70.55535820506975	24.17732954050402	-40.143742928162226
127	-3431.85549238	4554.22605971	0.0	-3529.25795639	4484.60300771	-73.8313913292	-97.4024640122553	-69.62305199481102	-73.83139132918384
128	-3570.6153982	4570.1793007	0.0	-3636.71006487	4528.95875772	33.7357716155	-66.0946666687106	-41.22054297689293	33.73577161553129
129	-3712.20653595	4584.19329572	0.0	-3774.97334256	4657.28771813	96.9262829511	-62.7668066135088	73.09442241353062	96.92628295108025
130	-3856.62978687	4596.1524038	0.0	-3803.80821797	4588.41745267	-86.6180812024	52.82156889056171	-7.734951129999246	-86.61808120240696
131	-4003.87945551	4605.93643194	0.0	-3997.11123093	4570.79981222	-62.2088021662	6.768224577679433	-35.13661971498408	-62.20880216623923
132	-4153.94261865	4613.42065815	0.0	-4130.78458572	4603.3170348	-13.2207396178	23.15803292541112	-10.103623353842025	-13.220739617772253
133	-4306.79843828	4618.4758856	0.0	-4363.22251029	4711.62319386	-3.62658256247	-56.42407200520603	93.14730826896107	-3.6265825624652592
134	-4462.41743961	4620.9685315	0.0	-4446.63602753	4581.4869411	-67.7794573649	15.781412071921125	-39.48159040306072	-67.7794573649432
135	-4620.76075542	4620.76075542	0.0	-4630.19862964	4570.03925494	52.9195704743	-9.437874219966048	-50.721500479794244	52.91957047428119
136	-4781.77933892	4617.7106312	0.0	-4837.51559937	4678.13283984	-22.0192121942	-55.73626045237472	60.4222086419301	-22.01921219415904
137	-4945.41314779	4611.6723675	0.0	-4869.06287994	4607.29536215	3.26746639725	76.35026785146204	-4.377005352316203	3.2674663972480573
138	-5111.59030307	4602.49658168	0.0	-5173.30797973	4537.83275788	-89.5820826078	-61.71767666304875	-64.66382379839004	-89.5820826078169
139	-5280.22622749	4590.03063222	0.0	-5181.29776505	4655.63151574	2.25853706365	98.92846243402508	65.6008835177783	2.258537063654771
140	-5451.22276879	4574.11901476	0.0	-5509.38943592	4617.09404023	47.4968004977	-58.166667131132435	42.975025472792765	47.49680049772829
141	-5624.46731478	4554.60382674	0.0	-5526.20435668	4495.17150013	-63.767268785	98.26295810082857	-59.43232660810565	-63.7672687850118
142	-5799.83190798	4531.32530586	0.0	-5806.84073111	4603.50626275	-37.0412443313	-7.008823128215113	72.18095688959889	-37.04124433130966
143	-5977.17236923	4504.122447	0.0	-6024.2313697	4579.76017154	-93.7625396926	-47.059000462924814	75.63772454179883	-93.76253969256285
144	-6156.32744077	4472.83370205	0.0	-6137.41427124	4487.41365138	49.4015969583	18.913169526566122	14.579949335382054	49.40159695833185
145	-6337.11796086	4437.29776672	0.0	-6322.33883135	4525.98983343	17.8393141505	14.779129510924818	88.6920667069408	17.839314150540048
146	-6519.34608355	4397.3544576	0.0	-6592.58655165	4347.45257878	98.1709620255	-73.24046810048878	-49.901878811238085	98.17096202554242
147	-6702.79455845	4352.8456819	0.0	-6686.21133906	4298.98787141	-61.898645625	16.583219382739685	-53.85781049186051	-61.89864562497487
148	-6887.22608708	4303.61650149	0.0	-6948.46889174	4234.26376374	49.5733371597	-61.24280465717318	-69.35273774121231	49.57333715970779
149	-7072.38277349	4249.51629128	0.0	-7017.72489078	4333.3840972	56.404196366	54.657882706227866	83.86780592222277	56.4041963659638
150	-7257.98568826	4190.39999089	0.0	-7160.30697247	4209.65703935	53.3645715229	97.6787157836275	19.257048454933965	53.36457152292752
151	-7443.73456599	4126.12944654	0.0	-7535.96862561	4084.0442269	30.1132029473	-92.23405961993456	-42.08521964361622	30.113202947294724
152	-7629.30765721	4056.57483838	0.0	-7658.56870246	3984.85681145	-4.45217718433	-29.261045252181788	-71.71802693350666	-4.452177184330225
153	-7814.36175618	3981.61618633	0.0	-7840.79352819	4012.82234004	77.6733654707	-26.431772012357186	31.20615371191667	77.67336547070428
154	-7998.53242619	3901.14492495	0.0	-8064.79363399	3993.21794713	6.11775680024	-66.26120779828668	92.07302218069543	6.1177568002379985
155	-8181.43444363	3815.06553576	0.0	-8110.80869339	3799.57621542	-2.76279547637	70.62575023713069	-15.489320335149984	-2.7627954763679696
156	-8362.66248124	3723.2972222	0.0	-8298.97987494	3661.50294994	74.6078645317	63.6826063044503	-61.794272264674774	74.60786453166457
157	-8541.7920496	3625.77561035	0.0	-8557.74304242	3706.19579262	-51.5256878532	-15.950992822967635	80.42018226646698	-51.52568785323697
158	-8718.38071363	3522.45445512	0.0	-8666.78959177	3584.19234281	45.6238670387	51.59112186032553	61.737887687584845	45.62386703873534
159	-8891.96959835	3413.30732943	0.0	-8949.02563835	3461.07411416	-92.3956688293	-57.056040003505395	47.76678472498281	-92.39566882931376
160	-9062.08519417	3298.32927106	0.0	-9047.27057316	3244.19680575	46.2174498548	14.8146210069458	-54.132465314994135	46.21744985482647
161	-9228.24146816	3177.53835959	0.0	-9190.85453368	3190.82073696	81.7824233623	37.38693448330966	13.282377364508264	81.78242336227672
162	-9389.94228228	3050.977194	0.0	-9468.83356442	3090.90466211	-98.2979561004	-78.89128214002305	39.9274681046777	-98.29795610041299
163	-9546.68411401	2918.71423985	0.0	-9531.68789331	2926.33800688	-1.82213620616	14.996220695311507	7.623767035135032	-1.8221362061584472
164	-9697.95906844	2780.84501415	0.0	-9760.62173215	2804.89028804	33.6028176927	-62.662663704579955	24.045273883894524	33.602817692747124
165	-9843.25816395	2637.49307592	0.0	-9888.87788487	2636.98462005	-29.357312507	-45.61972092145612	-0.5084558729230793	-29.35731250700435
166	-9982.07486633	2488.81079065	0.0	-10043.6081978	2537.44266759	28.7394912108	-61.53333146005679	48.63187693853689	28.739491210757365
167	-10113.908839	2334.97983886	0.0	-10078.8922092	2412.02774559	74.6809650761	35.01662971971123	77.04790673470558	74.6809650761231
168	-10238.2698691	2176.21144083	0.0	-10198.8887063	2137.48745018	14.4940137942	39.38116277739306	-38.723990650299214	14.494013794211071
169	-10354.6819236	2012.74627333	0.0	-10278.0805052	2042.79920313	55.0919878263	76.60141838037336	30.052929796652705	55.091987826269104
170	-10462.6872802	1844.85405821	0.0	-10520.5722284	1940.04023881	33.4038728977	-57.884948280941195	95.18618060089318	33.403872897680344
171	-10561.8506759	1672.83280809	0.0	-10467.9894811	1704.4421131	-58.0617393134	93.86119482670841	31.60930500862571	-58.06173931343339
172	-10651.7634088	1497.00772053	0.0	-10570.2106581	1517.13515642	26.5971251488	81.5527506866589	20.127435886580585	26.597125148761293
173	-10732.0473259	1317.7297185	0.0	-10681.5410143	1276.3979082	-0.253616790227	50.50631161576385	-41.331810294974524	-0.25361679022672945
174	-10802.3586291	1135.37364278	0.0	-10828.3699038	1208.02465366	-40.3266832578	-26.011274680056218	72.65101088052864	-40.32668325784101
175	-10862.3914313	950.336109023	0.0	-10929.1315772	994.67587873	82.4859020778	-66.74014584309087	44.33976970690071	82.48590207783343
176	-10911.8809958	763.033050342	0.0	-10848.910604	720.448584891	9.39098323224	62.97039174818124	-42.58446545103367	9.390983232237062
177	-10950.6065962	573.89697351	0.0	-10875.0846619	556.512823354	92.0357984319	75.52193428670029	-17.384150156051376	92.0357984318978
178	-10978.3939419	383.373964234	0.0	-10942.5812378	439.278392572	88.9982771362	35.81270407558043	55.90442833817906	88.9982771362348
179	-10995.1171177	191.920483183	0.0	-10978.2176196	229.836368157	-6.02777508989	16.899498112818904	37.91588497333777	-6.027775089894163
180	-11000.7	1.34719720434e-12	0.0	-10987.4661251	56.0260578821	68.6422421919	13.233874856252498	56.026057882093994	68.64224219186863
181	-10995.1171177	-191.920483183	0.0	-10953.8240146	-107.037767197	3.63612285295	41.29310311559817	84.88271598625147	3.6361228529457037
182	-10978.3939419	-383.373964234	0.0	-11004.8840964	-327.000530114	39.1604391589	-26.49015449679335	56.37343411969107	39.1604391588906
183	-10950.6065962	-573.89697351	0.0	-11036.7752784	-586.189561588	-96.5335550852	-86.1686821481774	-12.292588078751038	-96.53355508515709
184	-10911.8809958	-763.033050342	0.0	-10814.2702262	-858.69795753	-28.4786921316	97.61076956068575	-95.66490718778142	-28.47869213164202
185	-10862.3914313	-950.336109023	0.0	-10840.7179429	-960.928471178	-45.2472360124	21.67348842278409	-10.592362155043105	-45.24723601243012
186	-10802.3586291	-1135.37364278	0.0	-10859.6912057	-1128.06253426	16.6944149523	-57.33257662381261	7.311108515372496	16.69441495232904
187	-10732.0473259	-1317.7297185	0.0	-10780.0503071	-1351.23531033	-16.7308600678	-48.002981200743534	-33.50559183011394	-16.730860067828687
188	-10651.7634088	-1497.00772053	0.0	-10740.6740078	-1437.61909312	39.5730481315	-88.91059894701849	59.38862740756568	39.573048131508955
189	-10561.8506759	-1672.83280809	0.0	-10493.0571131	-1644.63151262	-86.4239280989	68.7935628113994	28.201295475171946	-86.4239280988562
190	-10462.6872802	-1844.85405821	0.0	-10484.2164232	-1938.7411109	-97.5467786285	-21.52914306559353	-93.88705269482091	-97.54677862845998
191	-10354.6819236	-2012.74627333	0.0	-10326.8526621	-2062.89736904	92.0794877193	27.829261478203833	-50.151095711301096	92.07948771928886
192	-10238.2698691	-2176.21144083	0.0	-10208.7283941	-2084.74063018	45.5837022155	29.541474983335405	91.47081064847015	45.583702215516894
193	-10113.908839	-2334.97983886	0.0	-10135.4754631	-2311.95929179	-91.7272424564	-21.566624135284428	23.020547066822147	-91.72724245640511
194	-9982.07486633	-2488.81079065	0.0	-9954.81984105	-2473.84052302	-17.0256412238	27.255025276231265	14.970267633142996	-17.025641223815796
195	-9843.25816395	-2637.49307592	0.0	-9895.12536313	-2652.54745633	-53.5689963958	-51.867199174109466	-15.054380408823405	-53.568996395804014
196	-9697.95906844	-2780.84501415	0.0	-9726.0103475	-2830.52154832	-61.2775848111	-28.051279058425308	-49.67653416496369	-61.27758481111769
197	-9546.68411401	-2918.71423985	0.0	-9454.57554663	-2889.10400839	-33.7511834431	92.10856738461027	29.610231452004285	-33.75118344313765
198	-9389.94228228	-3050.977194	0.0	-9313.83365088	-3025.76483017	12.5981371866	76.10863140278607	25.212363836059453	12.598137186583116
199	-9228.24146816	-3177.53835959	0.0	-9183.84604988	-3151.5028249	1.88164939381	44.39541827993193	26.03553469702102	1.8816493938118128
200	-9062.08519417	-3298.32927106	0.0	-9125.65679251	-3347.60133754	10.9025931821	-63.57159833525956	-49.27206647475468	10.902593182096027
201	-8891.96959835	-3413.30732943	0.0	-8825.12106594	-3510.78753895	-22.4914754468	66.8485324081926	-97.48020951573018	-22.49147544679704
202	-8718.38071363	-3522.45445512	0.0	-8670.44832392	-3559.08340924	-40.1379708755	47.93238971693489	-36.62895412110716	-40.137970875509524
203	-8541.7920496	-3625.77561035	0.0	-8573.78954258	-3613.98009007	58.9590526829	-31.997492977816506	11.795520279704007	58.95905268294507
204	-8362.66248124	-3723.2972222	0.0	-8360.34332279	-3810.61813733	93.2806313769	2.319158457498034	-87.32091512999062	93.28063137692007
205	-8181.43444363	-3815.06553576	0.0	-8114.73040401	-3790.84011935	89.9096751625	66.70403961782668	24.22541640856022	89.90967516249654
206	-7998.53242619	-3901.14492495	0.0	-7926.83503093	-3971.43425579	40.1509283561	71.6973952642098	-70.28933083446682	40.15092835605097
207	-7814.36175618	-3981.61618633	0.0	-7913.11913304	-3998.9358125	-63.8700061267	-98.75737686341076	-17.31962617064775	-63.87000612665305
208	-7629.30765721	-4056.57483838	0.0	-7701.27461562	-4146.2525763	93.0885959919	-71.96695841024862	-89.67773792028373	93.0885959919267
209	-7443.73456599	-4126.12944654	0.0	-7526.41261051	-4079.90289721	-24.2556374418	-82.67804451765019	46.22654933283002	-24.255637441823836
210	-7257.98568826	-4190.39999089	0.0	-7168.53027	-4217.15109362	64.7700129138	89.45541825653595	-26.751102725060832	64.77001291383692
211	-7072.38277349	-4249.51629128	0.0	-7117.87295082	-4295.74491286	-17.2109055571	-45.49017733640299	-46.228621578308804	-17.210905557065658
212	-6887.22608708	-4303.61650149	0.0	-6933.01625695	-4266.01627383	-79.811457526	-45.79016987441615	37.60022765788585	-79.81145752604829
213	-6702.79455845	-4352.8456819	0.0	-6714.16952112	-4342.91878145	-76.9764828269	-11.374962675113068	9.92690044762854	-76.97648282693656
214	-6519.34608355	-4397.3544576	0.0	-6475.08169402	-4353.63783986	88.8882547583	44.26438953092145	43.716617734482895	88.88825475826701
215	-6337.11796086	-4437.29776672	0.0	-6280.93799435	-4393.09702118	77.3012763261	56.179966506038284	44.20074553790968	77.30127632609037
216	-6156.32744077	-4472.83370205	0.0	-6202.51639265	-4493.92015924	-32.722332031	-46.18895188227612	-21.0864571981257	-32.722332030988156
217	-5977.17236923	-4504.122447	0.0	-6011.73557799	-4537.30090111	33.279788983	-34.563208757021386	-33.17845411197182	33.279788982988634
218	-5799.83190798	-4531.32530586	0.0	-5815.95948035	-4602.49913274	-33.9853747932	-16.12757236531293	-71.17382687649918	-33.985374793243324
219	-5624.46731478	-4554.60382674	0.0	-5682.83825066	-4650.83908577	-84.2657301969	-58.37093588212918	-96.2352590358115	-84.26573019686776
220	-5451.22276879	-4574.11901476	0.0	-5463.69446605	-4573.3482238	25.0523450645	-12.471697257518443	0.7707909585059127	25.05234506447289
221	-5280.22622749	-4590.03063222	0.0	-5300.87445182	-4619.3792118	91.8385274447	-20.648224337953863	-29.34857958091608	91.83852744471142
222	-5111.59030307	-4602.49658168	0.0	-5032.88228977	-4542.8416658	-79.0473713432	78.70801329497095	59.654915872127646	-79.04737134319134
223	-4945.41314779	-4611.6723675	0.0	-5021.02817362	-4526.87237497	25.6324285168	-75.61502582725731	84.79999252944933	25.632428516777978
224	-4781.77933892	-4617.7106312	0.0	-4850.70402649	-4710.18469545	64.6809339709	-68.92468757265569	-92.47406425216957	64.6809339708883
225	-4620.76075542	-4620.76075542	0.0	-4616.52790341	-4709.48482764	91.807214057	4.232852002227631	-88.7240722281271	91.8072140570014
226	-4462.41743961	-4620.9685315	0.0	-4534.72166672	-4571.85600913	88.8176919545	-72.30422711296836	49.11252237322245	88.81769195450167
227	-4306.79843828	-4618.4758856	0.0	-4266.13263643	-4685.69812115	-73.3571527151	40.665801848568236	-67.22223555877173	-73.35715271507948
228	-4153.94261865	-4613.42065815	0.0	-4128.30752796	-4637.7435854	-8.75804360788	25.63509068520287	-24.322927243399818	-8.758043607881532
229	-4003.87945551	-4605.93643194	0.0	-3969.94671753	-4671.94003422	62.3670700234	33.93273797920219	-66.00360228610586	62.36707002335885
230	-3856.62978687	-4596.1524038	0.0	-3888.01611737	-4570.14780933	44.7973344832	-31.386330503593427	26.00459446735563	44.797334483218236
231	-3712.20653595	-4584.19329572	0.0	-3672.65917239	-4594.36749437	-72.2554191102	39.54736356129817	-10.174198655098479	-72.25541911018973
232	-3570.6153982	-4570.1793007	0.0	-3603.19720366	-4523.94947121	50.8869848895	-32.58180546861071	46.22982949242558	50.88698488948421
233	-3431.85549238	-4554.22605971	0.0	-3433.46603119	-4506.39149275	53.7230690903	-1.6105388190850363	47.83456695549896	53.72306909033611
234	-3295.9199755	-4536.4446656	0.0	-3352.40010047	-4492.87519649	55.7284812339	-56.48012496052377	43.56946911877944	55.72848123391191
235	-3162.79662159	-4516.94169086	0.0	-3201.16235238	-4426.36332502	-76.2581728568	-38.365730786397044	90.57836583773081	-76.25817285677836
236	-3032.4683646	-4495.81923561	0.0	-3119.56833608	-4526.02607304	31.2565651956	-87.09997147361537	-30.206837426315474	31.256565195619714
237	-2904.91380635	-4473.1749933	0.0	-2811.8159013	-4466.61739122	38.7899696581	93.09790505486274	6.55760207884164	38.78996965811382
238	-2780.10769019	-4449.10233106	0.0	-2835.76649903	-4415.57736398	82.4063081874	-55.65880884850471	33.5249670750963	82.40630818741363
239	-2658.02134159	-4423.69038245	0.0	-2664.36766177	-4343.15878799	-89.4182659429	-6.3463201825064885	80.53159446557851	-89.41826594290896
240	-2538.62307692	-4397.0241505	0.0	-2512.87515291	-4375.10527132	89.6800557819	25.747924015345205	21.918879178706092	89.68005578192651
241	-2421.87858165	-4369.18461877	0.0	-2395.43261428	-4335.92634984	85.6820457043	26.44596737220806	33.2582689281401	85.68204570426147
242	-2307.75125942	-4340.24886902	0.0	-2280.33530791	-4299.72519425	10.7987790183	27.415951506028264	40.52367477505945	10.7987790183292
243	-2196.2025535	-4310.29020372	0.0	-2193.15696393	-4384.68766374	-98.4672140146	3.0455895726570787	-74.39746002209866	-98.46721401460053
244	-2087.19224204	-4279.37827198	0.0	-2033.08673859	-4306.11301443	35.8045515829	54.10550345489119	-26.734742446611477	35.804551582897176
245	-1980.67870861	-4247.57919792	0.0	-2055.27598025	-4282.57508635	-17.5438599523	-74.59727164369907	-34.995888429768655	-17.543859952349237
246	-1876.61918946	-4214.95571015	0.0	-1912.62036959	-4286.6042912	25.4511578663	-36.00118012754463	-71.64858105249849	25.451157866285996
247	-1774.9699991	-4181.56727164	0.0	-1849.97011898	-4112.68525319	0.779418841691	-75.00011987759076	68.88201845293861	0.7794188416910544
248	-1675.68673535	-4147.47020911	0.0	-1679.4583069	-4120.77098885	-37.33028351	-3.7715715520062645	26.69922026048806	-37.33028351002663
249	-1578.72446548	-4112.7178412	0.0	-1558.88532284	-4179.99493228	50.5183610063	19.83914264050827	-67.2770910881558	50.518361006261756
250	-1484.03789459	-4077.360605	0.0	-1401.92904936	-4053.18158124	-64.3638891371	82.10884523564926	24.179023762694584	-64.3638891371103
251	-1391.58151753	-4041.44618038	0.0	-1300.7062059	-4062.37345796	-92.9907673329	90.87531162733106	-20.92727758564392	-92.99076733291804
252	-1301.30975561	-4005.01961159	0.0	-1353.92828217	-3967.03702014	37.7227461993	-52.61852656864499	37.9825914567904	37.7227461993248
253	-1213.17707918	-3968.12342613	0.0	-1248.4330432	-3977.06411489	-56.6612007526	-35.25596402066704	-8.940688762721024	-56.66120075259047
254	-1127.13811723	-3930.79775024	0.0	-1198.16518916	-3956.28373053	-86.1526646254	-71.02707192777025	-25.48598028876458	-86.15266462538811
255	-1043.14775492	-3893.08042115	0.0	-1106.91559391	-3978.54907781	49.2071232447	-63.76783899490186	-85.46865665970826	49.20712324467158
256	-961.161220121	-3855.00709572	0.0	-920.177482184	-3923.78642807	-92.9688409524	40.98373793679718	-68.779332357188	-92.96884095235723
257	-881.13415985	-3816.6113554	0.0	-867.791494717	-3864.12121656	-60.7823101961	13.342665132988031	-47.509861161234745	-60.78231019614737
258	-803.022707349	-3777.92480759	0.0	-892.579392156	-3812.98106613	-2.21853352431	-89.55668480787023	-35.056258543957	-2.218533524314097
259	-726.783540713	-3738.97718312	0.0	-667.447163594	-3830.25604429	83.9914449236	59.33637711909404	-91.27886117403222	83.99144492359133
260	-652.373933745	-3699.79643004	0.0	-748.02435411	-3763.66777053	63.568872874	-95.65042036488698	-63.871340494415385	63.56887287398291
261	-579.751799722	-3660.40880363	0.0	-598.412845469	-3564.74022443	-17.0911317496	-18.661045746136054	95.66857919830102	-17.09113174955172
262	-508.87572874	-3620.83895273	0.0	-430.524774402	-3697.06226978	43.349845463	78.35095433747924	-76.2233170458541	43.34984546297332
263	-439.705019185	-3581.11000236	0.0	-357.651224016	-3527.14979655	17.2964795707	82.05379516872273	53.96020581452484	17.2964795706648
264	-372.199703916	-3541.24363281	0.0	-466.896859593	-3547.63855307	39.0316217334	-94.69715567687271	-6.394920264856793	39.03162173342341
265	-306.320571631	-3501.26015515	0.0	-230.273428508	-3407.27596085	8.02894993908	76.04714312231789	93.98419430021278	8.028949939082054
266	-242.029183904	-3461.17858339	0.0	-159.446240142	-3505.16386541	-19.6228643144	82.58294376138335	-43.98528201772214	-19.622864314376812
267	-179.287888307	-3421.01670323	0.0	-249.715578431	-3459.94627484	-94.4155771483	-70.42769012422478	-38.92957161172741	-94.4155771483231
268	-118.059828018	-3380.79113765	0.0	-45.668861084	-3328.28794379	-27.4978580228	72.3909669335722	52.503193859100435	-27.497858022754556
269	-58.3089482733	-3340.51740931	0.0	-116.799951469	-3387.05943611	-19.1722805554	-58.491003195778134	-46.542026802392414	-19.172280555385186
270	-6.06238741952e-13	-3300.21	0.0	-5.7838520442	-3397.44391111	30.4216200729	-5.78385204420313	-97.23391111442359	30.421620072872003
271	56.9014590749	-3259.88240714	0.0	97.2149338345	-3306.2994532	3.93919731527	40.313474759524524	-46.4170460665569	3.9391973152743276
272	112.429065551	-3219.54719748	0.0	131.593649624	-3229.73849025	43.5286691458	19.16458407297081	-10.191292777438306	43.52866914580457
273	166.615653468	-3179.21605814	0.0	237.453260241	-3134.72047465	45.4177446023	70.83760677255202	44.495583490781684	45.41774460232014
274	219.493259176	-3138.89984507	0.0	172.539122097	-3198.61982275	-13.4197705481	-46.95413707879843	-59.71997768021404	-13.419770548146403
275	271.093127742	-3098.60862901	0.0	224.713759514	-3091.25621481	21.5559090521	-46.379368228116945	7.35241419297401	21.555909052083777
276	321.445720713	-3058.35173912	0.0	312.292510451	-3085.69392318	0.0950294682818	-9.153210262625805	-27.34218405741224	0.09502946828176562
277	370.580725051	-3018.13780434	0.0	465.419568602	-3051.56833568	-42.8425521304	94.83884355087747	-33.430531335076125	-42.842552130443835
278	418.527063077	-2977.97479261	0.0	462.35315706	-2950.13039619	-61.3935705425	43.826093983421515	27.8443964240044	-61.393570542475004
279	465.312903298	-2937.87004799	0.0	410.058100715	-2856.13410452	-29.3869601222	-55.25480258286224	81.73594347876843	-29.38696012218051
280	510.965671967	-2897.83032588	0.0	547.907911321	-2936.00296983	-24.5451035026	36.94223935365153	-38.172643955278794	-24.545103502575373
281	555.512065266	-2857.86182629	0.0	466.696340227	-2768.35638267	97.0165214951	-88.81572503975724	89.50544361186945	97.01652149506458
282	598.978062009	-2817.97022545	0.0	574.01559363	-2806.85097493	91.5860590895	-24.962468379314444	11.1192505119309	91.58605908949869
283	641.388936758	-2778.1607056	0.0	708.934018728	-2708.49514786	-94.991446818	67.54508196946509	69.66555774552313	-94.99144681803344
284	682.769273282	-2738.43798328	0.0	759.415078936	-2703.58829495	81.03226132	76.64580565356371	34.849688330859465	81.03226132000262
285	723.142978263	-2698.80633601	0.0	677.577293564	-2646.91189993	76.5271204613	-45.56568469897135	51.894436083428815	76.52712046128039
286	762.533295194	-2659.26962757	0.0	852.750299331	-2715.51925928	78.6797654723	90.21700413661617	-56.24963171155872	78.67976547227963
287	800.962818399	-2619.83133187	0.0	886.119126527	-2679.86609322	-95.9059693772	85.15630812799506	-60.03476135539838	-95.90596937719901
288	838.453507121	-2580.49455555	0.0	853.572007759	-2657.3174003	54.8294880179	15.118500638177323	-76.82284474621753	54.82948801786091
289	875.026699631	-2541.26205933	0.0	960.334869454	-2608.67401081	0.174762875662	85.30816982224607	-67.41195148538802	0.17476287566240956
290	910.703127313	-2502.13627812	0.0	987.305885169	-2492.81236928	48.9397209424	76.60275785604327	9.323908835154413	48.93972094241036
291	945.502928681	-2463.11934014	0.0	860.116834887	-2530.30220911	-88.2560055218	-85.38609379348232	-67.18286896477359	-88.25600552178301
292	979.445663301	-2424.21308487	0.0	959.427822314	-2378.69433121	61.722342808	-20.017840987086032	45.518753662952975	61.72234280799475
293	1012.55032559	-2385.41908006	0.0	1091.17040748	-2294.01478438	35.2656378657	78.62008188541529	91.40429568153564	35.26563786568869
294	1044.83535846	-2346.73863777	0.0	958.460465887	-2442.09050121	99.054438832	-86.3748925714147	-95.35186343199975	99.0544388320128
295	1076.31866676	-2308.17282954	0.0	1087.58360795	-2379.54801466	-51.9232691058	11.264941184456575	-71.37518511804784	-51.92326910581742
296	1107.01763058	-2269.72250068	0.0	1151.51792486	-2184.22784751	34.6391733902	44.500294278926816	85.4946531679063	34.63917339023914
297	1136.94911828	-2231.38828375	0.0	1043.62896827	-2140.52940153	12.724274577	-93.32015001118874	90.85888222661251	12.724274576969563
298	1166.12949931	-2193.17061137	0.0	1219.93357496	-2102.67648976	-39.4090303634	53.80407565436599	90.49412160391063	-39.409030363434084
299	1194.57465682	-2155.06972814	0.0	1224.24722525	-2168.41056998	12.2773500399	29.672568430323366	-13.340841836086767	12.277350039864828
300	1222.3	-2117.08570209	0.0	1291.90424184	-2155.98588211	-8.28026345203	69.60424183721435	-38.900180022896436	-8.280263452027441
301	1249.32047612	-2079.21843529	0.0	1174.08712978	-2175.27163049	56.5531069751	-75.23334633827798	-96.05319520359463	56.55310697509714
302	1275.65058239	-2041.46767399	0.0	1371.76270895	-2118.97841898	73.8094154111	96.11212656063114	-77.51074498991832	73.80941541114547
303	1301.30437746	-2003.83301812	0.0	1247.67897927	-1951.5785741	13.80580053	-53.62539819836529	52.254444012454485	13.80580053004698
304	1326.29549275	-1966.31393026	0.0	1321.58924465	-1970.05164078	60.0199440653	-4.70624809854894	-3.737710520692275	60.01994406533035
305	1350.63714336	-1928.90974413	0.0	1357.22378041	-1921.56723682	-88.6878290984	6.586637041887116	7.34250730390886	-88.6878290983883
306	1374.34213888	-1891.6196725	0.0	1409.46512255	-1946.17962493	54.5671300351	35.122983665937795	-54.559952436605855	54.56713003509523
307	1397.42289375	-1854.44281476	0.0	1338.69540618	-1832.54507788	-98.9526920901	-58.72748757138921	21.89773688710413	-98.95269209005613
308	1419.89143745	-1817.37816399	0.0	1372.98603322	-1811.39246463	10.9682308313	-46.905404234710325	5.985699367061372	10.968230831316575
309	1441.75942441	-1780.42461361	0.0	1487.48121971	-1780.17296602	-96.9138205578	45.72179530040984	0.25164759160570327	-96.91382055778928
310	1463.03814354	-1743.58096367	0.0	1459.1319302	-1801.74012299	55.7464856557	-3.906213343460749	-58.15915931938393	55.74648565567222
311	1483.73852765	-1706.84592679	0.0	1404.05931295	-1698.66319429	71.1721715499	-79.6792147043825	8.182732501364683	71.1721715499448
312	1503.87116244	-1670.2181337	0.0	1546.42110861	-1688.90783374	-32.4343295364	42.54994616214225	-18.689700036197962	-32.4343295364488
313	1523.44629532	-1633.69613851	0.0	1589.67764067	-1603.69814474	17.6576033818	66.23134534968511	29.997993763663374	17.657603381825098
314	1542.47384394	-1597.27842363	0.0	1611.5500786	-1567.31482713	-11.6413665576	69.07623466456755	29.963596500733757	-11.641366557596356
315	1560.96340442	-1560.96340442	0.0	1648.10383967	-1521.39023585	-86.4939294583	87.1404352488808	39.5731685735725	-86.49392945833428
316	1578.92425941	-1524.74943359	0.0	1585.6163453	-1477.72879294	12.3243071836	6.69208588483346	47.02064064987209	12.324307183585105
317	1596.36538579	-1488.63480524	0.0	1663.73732201	-1542.76372319	-97.8960338807	67.37193621115762	-54.128917945948004	-97.89603388072618
318	1613.2954622	-1452.61775881	0.0	1621.27199825	-1527.24550129	-69.2534531059	7.9765360513191155	-74.62774247390082	-69.25345310590525
319	1629.72287627	-1416.69648266	0.0	1612.63347101	-1439.45777227	-23.5236859173	-17.089405257690288	-22.76128961694252	-23.523685917324343
320	1645.65573166	-1380.86911748	0.0	1659.3065864	-1285.46817252	-97.3053173884	13.650854739975983	95.40094496046038	-97.30531738842782
321	1661.10185483	-1345.13375955	0.0	1604.49770442	-1363.20641151	-20.7258791776	-56.604150404563654	-18.07265195797774	-20.725879177628087
322	1676.06880157	-1309.4884637	0.0	1581.52516432	-1371.91218048	-63.6401884447	-94.54363724375916	-62.42371677847578	-63.64018844468817
323	1690.56386333	-1273.93124617	0.0	1599.33338433	-1306.46963804	-20.6718800185	-91.23047900505216	-32.53839186484282	-20.67188001849341
324	1704.59407332	-1238.46008726	0.0	1628.77264987	-1224.20203624	-50.7160764626	-75.82142345553157	14.258051015510247	-50.71607646263563
325	1718.16621238	-1203.0729338	0.0	1742.68611676	-1119.35820896	0.422835538643	24.51990438608695	83.71472484295845	0.4228355386432554
326	1731.2868146	-1167.76770155	0.0	1656.81852654	-1112.83149386	-94.7949569777	-74.46828806487923	54.93620768061453	-94.79495697769931
327	1743.96217285	-1132.5422773	0.0	1681.76443133	-1145.78043052	-71.2485663055	-62.19774152667177	-13.238153221724431	-71.24856630552767
328	1756.19834397	-1097.39452102	0.0	1781.75319072	-1098.82858554	-94.1785846597	25.55484675201565	-1.4340645204812716	-94.17858465970413
329	1768.0011538	-1062.32226771	0.0	1711.85849281	-1050.71126413	18.2138872395	-56.142660994578854	11.611003583040429	18.21388723948101
330	1779.37620209	-1027.32332927	0.0	1811.51717098	-1100.47676419	-16.7790812492	32.14096889210859	-73.15343492145465	-16.779081249227445
331	1790.3288671	-992.395496111	0.0	1807.45701617	-980.712397169	-17.348011142	17.128149064955807	11.683098941325028	-17.348011142006385
332	1800.86431008	-957.53653881	0.0	1745.7452696	-929.162217379	39.6616688638	-55.11904047984346	28.374321431093563	39.66166886375768
333	1810.98747954	-922.744209543	0.0	1808.22656462	-893.483016119	-88.7813275033	-2.760914928173591	29.261193424736007	-88.78132750333792
334	1820.7031154	-888.016243483	0.0	1793.42046878	-971.553634367	22.2183901485	-27.28264662084709	-83.53739088436127	22.2183901484823
335	1830.01575283	-853.350360087	0.0	1923.82744135	-880.412537667	35.1310350492	93.81168852583599	-27.06217757973029	35.131035049199994
336	1838.92972605	-818.744264306	0.0	1833.02554605	-722.362062723	60.6640401593	-5.904180003103292	96.38220158281774	60.66404015930985
337	1847.44917193	-784.19564771	0.0	1885.15390527	-847.755697651	54.1325110081	37.704733342592874	-63.56004994133628	54.13251100811439
338	1855.57803331	-749.702189543	0.0	1887.37067237	-763.17128871	-10.2977217589	31.79263905275525	-13.469099167421675	-10.297721758940725
339	1863.32006236	-715.261557702	0.0	1899.39456803	-740.815237846	-42.6071756946	36.07450566269205	-25.553680144384572	-42.60717569459962
340	1870.67882358	-680.871409655	0.0	1905.39713792	-633.611015169	54.5220886757	34.71831434245317	47.26039448603251	54.52208867574714
341	1877.65769675	-646.529393297	0.0	1858.06378998	-673.429948571	57.084185134	-19.59390677633128	-26.90055527345072	57.08418513404939
342	1884.25987973	-612.233147747	0.0	1933.00158393	-516.609293524	84.1452799516	48.741704193269555	95.623854222412	84.14527995155203
343	1890.48839106	-577.980304087	0.0	1902.06222867	-667.044305045	75.9151005259	11.573837614959643	-89.0640009576563	75.9151005259452
344	1896.3460724	-543.768486063	0.0	1804.64925067	-581.401335405	9.58862534556	-91.69682173024782	-37.63284934179136	9.588625345556707
345	1901.83559093	-509.595310727	0.0	1915.48238667	-542.928592315	88.7330366479	13.646795736596602	-33.333281587880876	88.73303664791018
346	1906.95944146	-475.458389041	0.0	1831.37464659	-463.41259597	-69.7839088228	-75.58479486155653	12.045793071018409	-69.78390882284037
347	1911.71994847	-441.355326443	0.0	1919.7443371	-475.785269041	-0.527723974235	8.024388623196813	-34.429942598122395	-0.5277239742345046
348	1916.11926807	-407.283723371	0.0	1846.71848077	-482.973423371	-55.2838727748	-69.40078729670293	-75.68969999993422	-55.28387277482221
349	1920.15938967	-373.241175758	0.0	1862.30387038	-332.767632872	10.8840651044	-57.85551928572623	40.473542885499086	10.884065104361056
350	1923.84213765	-339.225275492	0.0	1848.85641248	-316.667619594	-2.94628638031	-74.98572517076883	22.557655897882853	-2.946286380311136
351	1927.16917285	-305.233610853	0.0	1947.75952365	-261.561173472	14.9705771746	20.590350798921733	43.67243738037408	14.970577174600592
352	1930.14199387	-271.263766913	0.0	1883.2666584	-272.752330677	39.5039840482	-46.87533546841709	-1.4885637641666847	39.50398404822039
353	1932.76193835	-237.31332593	0.0	1970.98570543	-258.818477661	-28.6109984284	38.223767079010514	-21.505151731504867	-28.610998428399043
354	1935.03018399	-203.379867704	0.0	1912.86881132	-189.833617004	58.7076609735	-22.16137267289129	13.546250700233855	58.707660973542716
355	1936.94774957	-169.460969929	0.0	1923.59772727	-266.289518314	86.1827147224	-13.350022301046465	-96.82854838485386	86.18271472241071
356	1938.51549572	-135.554208519	0.0	2022.35478249	-97.4495023962	65.5391733972	83.83928676371241	38.10470612283939	65.53917339715011
357	1939.73412567	-101.657157926	0.0	1977.00396494	-38.9916752773	55.1360850662	37.26983926867189	62.66548264845008	55.136085066232056
358	1940.60418575	-67.7673914454	0.0	1971.27075532	-92.5904424829	0.361194051392	30.666569570336122	-24.823051037433146	0.36119405139196203
359	1941.12606592	-33.8824815145	0.0	2024.34809665	-72.4141693002	46.0087384694	83.22203073402105	-38.53168778567	46.008738469364545
